ID,PASSWORD
W00683918,HJ19
W00642062,LF14
W00709741,YZ25
W00074228,LP23
W00569627,DC33
W00046512,MB95
W00407740,UI96
W00264222,FG75
W00548918,RF97
W00360257,TG91
W00394047,HX46
W00807389,AC50
W00340232,MH52
W00441642,OZ46
W00254056,LF24
W00732013,SZ52
W00828212,TK59
W00840399,BJ96
W00654230,PE76
W00724414,ZO85
W00281776,NS47
W00100342,SX63
W00458629,GT56
W00002513,CU30
W00100400,TN98
W00308972,FP49
W00450231,QT81
W00819525,HY81
W00398143,OY63
W00362131,PE14
W00509360,TU32
W00640484,DT15
W00095423,OO92
W00540054,DL49
W00454184,EG56
W00277723,SQ17
W00589308,YC96
W00204167,XX51
W00360255,TJ89
W00782710,UQ51
W00970934,BF16
W00857941,UY24
W00628213,NL28
W00700794,TZ99
W00535059,AI39
W00147143,TR59
W00716345,CN47
W00810070,HJ10
W00571872,KS29
W00763573,WW56
W00098770,UJ44
W00910510,WS70
W00777957,XO64
W00269986,QT31
W00479268,HA84
W00961023,BQ88
W00502114,PB81
W00474719,PD55
W00360151,KG92
W00273635,EW24
W00955765,EJ11
W00116435,SY38
W00596962,TZ27
W00709660,ZT67
W00179846,ZB27
W00263582,UO42
W00867137,MT95
W00635353,MA83
W00699322,ZK73
W00770434,HE22
W00865644,AW48
W00306364,TP87
W00267188,HG58
W00782152,MV10
W00622073,ER17
W00501747,TX74
W00401670,ZZ45
W00166011,SQ72
W00969955,RH10
W00534006,TM46
W00833059,GP98
W00007882,FH66
W00987538,UL82
W00616354,LM87
W00132288,IZ86
W00256396,WP46
W00394546,FP29
W00751920,WA66
W00724910,ML49
W00415343,QJ29
W00705683,OF48
W00607583,XP93
W00270186,ZB67
W00684735,JP59
W00748474,XU56
W00894742,KQ64
W00906876,PR62
W00982020,JV81
W00168446,VC89
W00585487,PS79
